timestamp,fear_greed_index
1704067200000,65
1704081600000,65
1704096000000,65
1704110400000,65
1704124800000,65
1704139200000,65
1704153600000,71
1704168000000,71
1704182400000,71
1704196800000,71
1704211200000,71
1704225600000,71
1704240000000,70
1704254400000,70
1704268800000,70
1704283200000,70
1704297600000,70
1704312000000,70
1704326400000,68
1704340800000,68
1704355200000,68
1704369600000,68
1704384000000,68
1704398400000,68
1704412800000,72
1704427200000,72
1704441600000,72
1704456000000,72
1704470400000,72
1704484800000,72
1704499200000,70
1704513600000,70
1704528000000,70
1704542400000,70
1704556800000,70
1704571200000,70
1704585600000,71
1704600000000,71
1704614400000,71
1704628800000,71
1704643200000,71
1704657600000,71
1704672000000,71
1704686400000,71
1704700800000,71
1704715200000,71
1704729600000,71
1704744000000,71
1704758400000,76
1704772800000,76
1704787200000,76
1704801600000,76
1704816000000,76
1704830400000,76
1704844800000,73
1704859200000,73
1704873600000,73
1704888000000,73
1704902400000,73
1704916800000,73
1704931200000,76
1704945600000,76
1704960000000,76
1704974400000,76
1704988800000,76
1705003200000,76
1705017600000,71
1705032000000,71
1705046400000,71
1705060800000,71
1705075200000,71
1705089600000,71
1705104000000,64
1705118400000,64
1705132800000,64
1705147200000,64
1705161600000,64
1705176000000,64
1705190400000,60
1705204800000,60
1705219200000,60
1705233600000,60
1705248000000,60
1705262400000,60
1705276800000,52
1705291200000,52
1705305600000,52
1705320000000,52
1705334400000,52
1705348800000,52
1705363200000,64
1705377600000,64
1705392000000,64
1705406400000,64
1705420800000,64
1705435200000,64
1705449600000,60
1705464000000,60
1705478400000,60
1705492800000,60
1705507200000,60
1705521600000,60
1705536000000,63
1705550400000,63
1705564800000,63
1705579200000,63
1705593600000,63
1705608000000,63
1705622400000,51
1705636800000,51
1705651200000,51
1705665600000,51
1705680000000,51
1705694400000,51
1705708800000,52
1705723200000,52
1705737600000,52
1705752000000,52
1705766400000,52
1705780800000,52
1705795200000,56
1705809600000,56
1705824000000,56
1705838400000,56
1705852800000,56
1705867200000,56
1705881600000,55
1705896000000,55
1705910400000,55
1705924800000,55
1705939200000,55
1705953600000,55
1705968000000,50
1705982400000,50
1705996800000,50
1706011200000,50
1706025600000,50
1706040000000,50
1706054400000,48
1706068800000,48
1706083200000,48
1706097600000,48
1706112000000,48
1706126400000,48
1706140800000,52
1706155200000,52
1706169600000,52
1706184000000,52
1706198400000,52
1706212800000,52
1706227200000,49
1706241600000,49
1706256000000,49
1706270400000,49
1706284800000,49
1706299200000,49
1706313600000,55
1706328000000,55
1706342400000,55
1706356800000,55
1706371200000,55
1706385600000,55
1706400000000,54
1706414400000,54
1706428800000,54
1706443200000,54
1706457600000,54
1706472000000,54
1706486400000,55
1706500800000,55
1706515200000,55
1706529600000,55
1706544000000,55
1706558400000,55
1706572800000,61
1706587200000,61
1706601600000,61
1706616000000,61
1706630400000,61
1706644800000,61
1706659200000,60
1706673600000,60
1706688000000,60
1706702400000,60
1706716800000,60
1706731200000,60
1706745600000,63
1706760000000,63
1706774400000,63
1706788800000,63
1706803200000,63
1706817600000,63
1706832000000,63
1706846400000,63
1706860800000,63
1706875200000,63
1706889600000,63
1706904000000,63
1706918400000,60
1706932800000,60
1706947200000,60
1706961600000,60
1706976000000,60
1706990400000,60
1707004800000,60
1707019200000,60
1707033600000,60
1707048000000,60
1707062400000,60
1707076800000,60
1707091200000,60
1707105600000,60
1707120000000,60
1707134400000,60
1707148800000,60
1707163200000,60
1707177600000,64
1707192000000,64
1707206400000,64
1707220800000,64
1707235200000,64
1707249600000,64
1707264000000,62
1707278400000,62
1707292800000,62
1707307200000,62
1707321600000,62
1707336000000,62
1707350400000,66
1707364800000,66
1707379200000,66
1707393600000,66
1707408000000,66
1707422400000,66
1707436800000,72
1707451200000,72
1707465600000,72
1707480000000,72
1707494400000,72
1707508800000,72
1707523200000,74
1707537600000,74
1707552000000,74
1707566400000,74
1707580800000,74
1707595200000,74
1707609600000,71
1707624000000,71
1707638400000,71
1707652800000,71
1707667200000,71
1707681600000,71
1707696000000,70
1707710400000,70
1707724800000,70
1707739200000,70
1707753600000,70
1707768000000,70
1707782400000,79
1707796800000,79
1707811200000,79
1707825600000,79
1707840000000,79
1707854400000,79
1707868800000,74
1707883200000,74
1707897600000,74
1707912000000,74
1707926400000,74
1707940800000,74
1707955200000,72
1707969600000,72
1707984000000,72
1707998400000,72
1708012800000,72
1708027200000,72
1708041600000,72
1708056000000,72
1708070400000,72
1708084800000,72
1708099200000,72
1708113600000,72
1708128000000,76
1708142400000,76
1708156800000,76
1708171200000,76
1708185600000,76
1708200000000,76
1708214400000,72
1708228800000,72
1708243200000,72
1708257600000,72
1708272000000,72
1708286400000,72
1708300800000,75
1708315200000,75
1708329600000,75
1708344000000,75
1708358400000,75
1708372800000,75
1708387200000,72
1708401600000,72
1708416000000,72
1708430400000,72
1708444800000,72
1708459200000,72
1708473600000,78
1708488000000,78
1708502400000,78
1708516800000,78
1708531200000,78
1708545600000,78
1708560000000,74
1708574400000,74
1708588800000,74
1708603200000,74
1708617600000,74
1708632000000,74
1708646400000,76
1708660800000,76
1708675200000,76
1708689600000,76
1708704000000,76
1708718400000,76
1708732800000,72
1708747200000,72
1708761600000,72
1708776000000,72
1708790400000,72
1708804800000,72
1708819200000,74
1708833600000,74
1708848000000,74
1708862400000,74
1708876800000,74
1708891200000,74
1708905600000,72
1708920000000,72
1708934400000,72
1708948800000,72
1708963200000,72
1708977600000,72
1708992000000,79
1709006400000,79
1709020800000,79
1709035200000,79
1709049600000,79
1709064000000,79
1709078400000,82
1709092800000,82
1709107200000,82
1709121600000,82
1709136000000,82
1709150400000,82
1709164800000,80
1709179200000,80
1709193600000,80
1709208000000,80
1709222400000,80
1709236800000,80
1709251200000,80
1709265600000,80
1709280000000,80
1709294400000,80
1709308800000,80
1709323200000,80
1709337600000,80
1709352000000,80
1709366400000,80
1709380800000,80
1709395200000,80
1709409600000,80
1709424000000,83
1709438400000,83
1709452800000,83
1709467200000,83
1709481600000,83
1709496000000,83
1709510400000,82
1709524800000,82
1709539200000,82
1709553600000,82
1709568000000,82
1709582400000,82
1709596800000,90
1709611200000,90
1709625600000,90
1709640000000,90
1709654400000,90
1709668800000,90
1709683200000,75
1709697600000,75
1709712000000,75
1709726400000,75
1709740800000,75
1709755200000,75
1709769600000,82
1709784000000,82
1709798400000,82
1709812800000,82
1709827200000,82
1709841600000,82
1709856000000,81
1709870400000,81
1709884800000,81
1709899200000,81
1709913600000,81
1709928000000,81
1709942400000,84
1709956800000,84
1709971200000,84
1709985600000,84
1710000000000,84
1710014400000,84
1710028800000,79
1710043200000,79
1710057600000,79
1710072000000,79
1710086400000,79
1710100800000,79
1710115200000,82
1710129600000,82
1710144000000,82
1710158400000,82
1710172800000,82
1710187200000,82
1710201600000,81
1710216000000,81
1710230400000,81
1710244800000,81
1710259200000,81
1710273600000,81
1710288000000,81
1710302400000,81
1710316800000,81
1710331200000,81
1710345600000,81
1710360000000,81
1710374400000,88
1710388800000,88
1710403200000,88
1710417600000,88
1710432000000,88
1710446400000,88
1710460800000,83
1710475200000,83
1710489600000,83
1710504000000,83
1710518400000,83
1710532800000,83
1710547200000,81
1710561600000,81
1710576000000,81
1710590400000,81
1710604800000,81
1710619200000,81
1710633600000,79
1710648000000,79
1710662400000,79
1710676800000,79
1710691200000,79
1710705600000,79
1710720000000,77
1710734400000,77
1710748800000,77
1710763200000,77
1710777600000,77
1710792000000,77
1710806400000,79
1710820800000,79
1710835200000,79
1710849600000,79
1710864000000,79
1710878400000,79
1710892800000,74
1710907200000,74
1710921600000,74
1710936000000,74
1710950400000,74
1710964800000,74
1710979200000,78
1710993600000,78
1711008000000,78
1711022400000,78
1711036800000,78
1711051200000,78
1711065600000,75
1711080000000,75
1711094400000,75
1711108800000,75
1711123200000,75
1711137600000,75
1711152000000,73
1711166400000,73
1711180800000,73
1711195200000,73
1711209600000,73
1711224000000,73
1711238400000,74
1711252800000,74
1711267200000,74
1711281600000,74
1711296000000,74
1711310400000,74
1711324800000,75
1711339200000,75
1711353600000,75
1711368000000,75
1711382400000,75
1711396800000,75
1711411200000,81
1711425600000,81
1711440000000,81
1711454400000,81
1711468800000,81
1711483200000,81
1711497600000,83
1711512000000,83
1711526400000,83
1711540800000,83
1711555200000,83
1711569600000,83
1711584000000,80
1711598400000,80
1711612800000,80
1711627200000,80
1711641600000,80
1711656000000,80
1711670400000,79
1711684800000,79
1711699200000,79
1711713600000,79
1711728000000,79
1711742400000,79
1711756800000,75
1711771200000,75
1711785600000,75
1711800000000,75
1711814400000,75
1711828800000,75
1711843200000,75
1711857600000,75
1711872000000,75
1711886400000,75
1711900800000,75
1711915200000,75
1711929600000,79
1711944000000,79
1711958400000,79
1711972800000,79
1711987200000,79
1712001600000,79
1712016000000,79
1712030400000,79
1712044800000,79
1712059200000,79
1712073600000,79
1712088000000,79
1712102400000,71
1712116800000,71
1712131200000,71
1712145600000,71
1712160000000,71
1712174400000,71
1712188800000,70
1712203200000,70
1712217600000,70
1712232000000,70
1712246400000,70
1712260800000,70
1712275200000,79
1712289600000,79
1712304000000,79
1712318400000,79
1712332800000,79
1712347200000,79
1712361600000,75
1712376000000,75
1712390400000,75
1712404800000,75
1712419200000,75
1712433600000,75
1712448000000,78
1712462400000,78
1712476800000,78
1712491200000,78
1712505600000,78
1712520000000,78
1712534400000,76
1712548800000,76
1712563200000,76
1712577600000,76
1712592000000,76
1712606400000,76
1712620800000,80
1712635200000,80
1712649600000,80
1712664000000,80
1712678400000,80
1712692800000,80
1712707200000,78
1712721600000,78
1712736000000,78
1712750400000,78
1712764800000,78
1712779200000,78
1712793600000,76
1712808000000,76
1712822400000,76
1712836800000,76
1712851200000,76
1712865600000,76
1712880000000,79
1712894400000,79
1712908800000,79
1712923200000,79
1712937600000,79
1712952000000,79
1712966400000,72
1712980800000,72
1712995200000,72
1713009600000,72
1713024000000,72
1713038400000,72
1713052800000,72
1713067200000,72
1713081600000,72
1713096000000,72
1713110400000,72
1713124800000,72
1713139200000,74
1713153600000,74
1713168000000,74
1713182400000,74
1713196800000,74
1713211200000,74
1713225600000,65
1713240000000,65
1713254400000,65
1713268800000,65
1713283200000,65
1713297600000,65
1713312000000,67
1713326400000,67
1713340800000,67
1713355200000,67
1713369600000,67
1713384000000,67
1713398400000,57
1713412800000,57
1713427200000,57
1713441600000,57
1713456000000,57
1713470400000,57
1713484800000,66
1713499200000,66
1713513600000,66
1713528000000,66
1713542400000,66
1713556800000,66
1713571200000,66
1713585600000,66
1713600000000,66
1713614400000,66
1713628800000,66
1713643200000,66
1713657600000,72
1713672000000,72
1713686400000,72
1713700800000,72
1713715200000,72
1713729600000,72
1713744000000,73
1713758400000,73
1713772800000,73
1713787200000,73
1713801600000,73
1713816000000,73
1713830400000,71
1713844800000,71
1713859200000,71
1713873600000,71
1713888000000,71
1713902400000,71
1713916800000,72
1713931200000,72
1713945600000,72
1713960000000,72
1713974400000,72
1713988800000,72
1714003200000,72
1714017600000,72
1714032000000,72
1714046400000,72
1714060800000,72
1714075200000,72
1714089600000,70
1714104000000,70
1714118400000,70
1714132800000,70
1714147200000,70
1714161600000,70
1714176000000,67
1714190400000,67
1714204800000,67
1714219200000,67
1714233600000,67
1714248000000,67
1714262400000,65
1714276800000,65
1714291200000,65
1714305600000,65
1714320000000,65
1714334400000,65
1714348800000,67
1714363200000,67
1714377600000,67
1714392000000,67
1714406400000,67
1714420800000,67
1714435200000,67
1714449600000,67
1714464000000,67
1714478400000,67
1714492800000,67
1714507200000,67
1714521600000,54
1714536000000,54
1714550400000,54
1714564800000,54
1714579200000,54
1714593600000,54
1714608000000,43
1714622400000,43
1714636800000,43
1714651200000,43
1714665600000,43
1714680000000,43
1714694400000,48
1714708800000,48
1714723200000,48
1714737600000,48
1714752000000,48
1714766400000,48
1714780800000,67
1714795200000,67
1714809600000,67
1714824000000,67
1714838400000,67
1714852800000,67
1714867200000,69
1714881600000,69
1714896000000,69
1714910400000,69
1714924800000,69
1714939200000,69
1714953600000,71
1714968000000,71
1714982400000,71
1714996800000,71
1715011200000,71
1715025600000,71
1715040000000,68
1715054400000,68
1715068800000,68
1715083200000,68
1715097600000,68
1715112000000,68
1715126400000,64
1715140800000,64
1715155200000,64
1715169600000,64
1715184000000,64
1715198400000,64
1715212800000,55
1715227200000,55
1715241600000,55
1715256000000,55
1715270400000,55
1715284800000,55
1715299200000,66
1715313600000,66
1715328000000,66
1715342400000,66
1715356800000,66
1715371200000,66
1715385600000,53
1715400000000,53
1715414400000,53
1715428800000,53
1715443200000,53
1715457600000,53
1715472000000,56
1715486400000,56
1715500800000,56
1715515200000,56
1715529600000,56
1715544000000,56
1715558400000,57
1715572800000,57
1715587200000,57
1715601600000,57
1715616000000,57
1715630400000,57
1715644800000,66
1715659200000,66
1715673600000,66
1715688000000,66
1715702400000,66
1715716800000,66
1715731200000,64
1715745600000,64
1715760000000,64
1715774400000,64
1715788800000,64
1715803200000,64
1715817600000,70
1715832000000,70
1715846400000,70
1715860800000,70
1715875200000,70
1715889600000,70
1715904000000,74
1715918400000,74
1715932800000,74
1715947200000,74
1715961600000,74
1715976000000,74
1715990400000,73
1716004800000,73
1716019200000,73
1716033600000,73
1716048000000,73
1716062400000,73
1716076800000,72
1716091200000,72
1716105600000,72
1716120000000,72
1716134400000,72
1716148800000,72
1716163200000,70
1716177600000,70
1716192000000,70
1716206400000,70
1716220800000,70
1716235200000,70
1716249600000,76
1716264000000,76
1716278400000,76
1716292800000,76
1716307200000,76
1716321600000,76
1716336000000,76
1716350400000,76
1716364800000,76
1716379200000,76
1716393600000,76
1716408000000,76
1716422400000,76
1716436800000,76
1716451200000,76
1716465600000,76
1716480000000,76
1716494400000,76
1716508800000,74
1716523200000,74
1716537600000,74
1716552000000,74
1716566400000,74
1716580800000,74
1716595200000,76
1716609600000,76
1716624000000,76
1716638400000,76
1716652800000,76
1716667200000,76
1716681600000,75
1716696000000,75
1716710400000,75
1716724800000,75
1716739200000,75
1716753600000,75
1716768000000,74
1716782400000,74
1716796800000,74
1716811200000,74
1716825600000,74
1716840000000,74
1716854400000,72
1716868800000,72
1716883200000,72
1716897600000,72
1716912000000,72
1716926400000,72
1716940800000,72
1716955200000,72
1716969600000,72
1716984000000,72
1716998400000,72
1717012800000,72
1717027200000,73
1717041600000,73
1717056000000,73
1717070400000,73
1717084800000,73
1717099200000,73
1717113600000,73
1717128000000,73
1717142400000,73
1717156800000,73
1717171200000,73
1717185600000,73
1717200000000,72
1717214400000,72
1717228800000,72
1717243200000,72
1717257600000,72
1717272000000,72
1717286400000,73
1717300800000,73
1717315200000,73
1717329600000,73
1717344000000,73
1717358400000,73
1717372800000,73
1717387200000,73
1717401600000,73
1717416000000,73
1717430400000,73
1717444800000,73
1717459200000,73
1717473600000,73
1717488000000,73
1717502400000,73
1717516800000,73
1717531200000,73
1717545600000,75
1717560000000,75
1717574400000,75
1717588800000,75
1717603200000,75
1717617600000,75
1717632000000,78
1717646400000,78
1717660800000,78
1717675200000,78
1717689600000,78
1717704000000,78
1717718400000,77
1717732800000,77
1717747200000,77
1717761600000,77
1717776000000,77
1717790400000,77
1717804800000,72
1717819200000,72
1717833600000,72
1717848000000,72
1717862400000,72
1717876800000,72
1717891200000,75
1717905600000,75
1717920000000,75
1717934400000,75
1717948800000,75
1717963200000,75
1717977600000,72
1717992000000,72
1718006400000,72
1718020800000,72
1718035200000,72
1718049600000,72
1718064000000,74
1718078400000,74
1718092800000,74
1718107200000,74
1718121600000,74
1718136000000,74
1718150400000,72
1718164800000,72
1718179200000,72
1718193600000,72
1718208000000,72
1718222400000,72
1718236800000,70
1718251200000,70
1718265600000,70
1718280000000,70
1718294400000,70
1718308800000,70
1718323200000,74
1718337600000,74
1718352000000,74
1718366400000,74
1718380800000,74
1718395200000,74
1718409600000,74
1718424000000,74
1718438400000,74
1718452800000,74
1718467200000,74
1718481600000,74
1718496000000,71
1718510400000,71
1718524800000,71
1718539200000,71
1718553600000,71
1718568000000,71
1718582400000,71
1718596800000,71
1718611200000,71
1718625600000,71
1718640000000,71
1718654400000,71
1718668800000,74
1718683200000,74
1718697600000,74
1718712000000,74
1718726400000,74
1718740800000,74
1718755200000,64
1718769600000,64
1718784000000,64
1718798400000,64
1718812800000,64
1718827200000,64
1718841600000,60
1718856000000,60
1718870400000,60
1718884800000,60
1718899200000,60
1718913600000,60
1718928000000,63
1718942400000,63
1718956800000,63
1718971200000,63
1718985600000,63
1719000000000,63
1719014400000,53
1719028800000,53
1719043200000,53
1719057600000,53
1719072000000,53
1719086400000,53
1719100800000,55
1719115200000,55
1719129600000,55
1719144000000,55
1719158400000,55
1719172800000,55
1719187200000,51
1719201600000,51
1719216000000,51
1719230400000,51
1719244800000,51
1719259200000,51
1719273600000,30
1719288000000,30
1719302400000,30
1719316800000,30
1719331200000,30
1719345600000,30
1719360000000,46
1719374400000,46
1719388800000,46
1719403200000,46
1719417600000,46
1719432000000,46
1719446400000,40
1719460800000,40
1719475200000,40
1719489600000,40
1719504000000,40
1719518400000,40
1719532800000,47
1719547200000,47
1719561600000,47
1719576000000,47
1719590400000,47
1719604800000,47
1719619200000,30
1719633600000,30
1719648000000,30
1719662400000,30
1719676800000,30
1719691200000,30
1719705600000,47
1719720000000,47
1719734400000,47
1719748800000,47
1719763200000,47
1719777600000,47
1719792000000,53
1719806400000,53
1719820800000,53
1719835200000,53
1719849600000,53
1719864000000,53
1719878400000,51
1719892800000,51
1719907200000,51
1719921600000,51
1719936000000,51
1719950400000,51
1719964800000,50
1719979200000,50
1719993600000,50
1720008000000,50
1720022400000,50
1720036800000,50
1720051200000,44
1720065600000,44
1720080000000,44
1720094400000,44
1720108800000,44
1720123200000,44
1720137600000,29
1720152000000,29
1720166400000,29
1720180800000,29
1720195200000,29
1720209600000,29
1720224000000,26
1720238400000,26
1720252800000,26
1720267200000,26
1720281600000,26
1720296000000,26
1720310400000,29
1720324800000,29
1720339200000,29
1720353600000,29
1720368000000,29
1720382400000,29
1720396800000,28
1720411200000,28
1720425600000,28
1720440000000,28
1720454400000,28
1720468800000,28
1720483200000,27
1720497600000,27
1720512000000,27
1720526400000,27
1720540800000,27
1720555200000,27
1720569600000,28
1720584000000,28
1720598400000,28
1720612800000,28
1720627200000,28
1720641600000,28
1720656000000,29
1720670400000,29
1720684800000,29
1720699200000,29
1720713600000,29
1720728000000,29
1720742400000,25
1720756800000,25
1720771200000,25
1720785600000,25
1720800000000,25
1720814400000,25
1720828800000,25
1720843200000,25
1720857600000,25
1720872000000,25
1720886400000,25
1720900800000,25
1720915200000,33
1720929600000,33
1720944000000,33
1720958400000,33
1720972800000,33
1720987200000,33
1721001600000,52
1721016000000,52
1721030400000,52
1721044800000,52
1721059200000,52
1721073600000,52
1721088000000,65
1721102400000,65
1721116800000,65
1721131200000,65
1721145600000,65
1721160000000,65
1721174400000,69
1721188800000,69
1721203200000,69
1721217600000,69
1721232000000,69
1721246400000,69
1721260800000,61
1721275200000,61
1721289600000,61
1721304000000,61
1721318400000,61
1721332800000,61
1721347200000,60
1721361600000,60
1721376000000,60
1721390400000,60
1721404800000,60
1721419200000,60
1721433600000,74
1721448000000,74
1721462400000,74
1721476800000,74
1721491200000,74
1721505600000,74
1721520000000,74
1721534400000,74
1721548800000,74
1721563200000,74
1721577600000,74
1721592000000,74
1721606400000,70
1721620800000,70
1721635200000,70
1721649600000,70
1721664000000,70
1721678400000,70
1721692800000,71
1721707200000,71
1721721600000,71
1721736000000,71
1721750400000,71
1721764800000,71
1721779200000,69
1721793600000,69
1721808000000,69
1721822400000,69
1721836800000,69
1721851200000,69
1721865600000,68
1721880000000,68
1721894400000,68
1721908800000,68
1721923200000,68
1721937600000,68
1721952000000,68
1721966400000,68
1721980800000,68
1721995200000,68
1722009600000,68
1722024000000,68
1722038400000,72
1722052800000,72
1722067200000,72
1722081600000,72
1722096000000,72
1722110400000,72
1722124800000,71
1722139200000,71
1722153600000,71
1722168000000,71
1722182400000,71
1722196800000,71
1722211200000,74
1722225600000,74
1722240000000,74
1722254400000,74
1722268800000,74
1722283200000,74
1722297600000,67
1722312000000,67
1722326400000,67
1722340800000,67
1722355200000,67
1722369600000,67
1722384000000,61
1722398400000,61
1722412800000,61
1722427200000,61
1722441600000,61
1722456000000,61
1722470400000,52
1722484800000,52
1722499200000,52
1722513600000,52
1722528000000,52
1722542400000,52
1722556800000,57
1722571200000,57
1722585600000,57
1722600000000,57
1722614400000,57
1722628800000,57
1722643200000,37
1722657600000,37
1722672000000,37
1722686400000,37
1722700800000,37
1722715200000,37
1722729600000,34
1722744000000,34
1722758400000,34
1722772800000,34
1722787200000,34
1722801600000,34
1722816000000,26
1722830400000,26
1722844800000,26
1722859200000,26
1722873600000,26
1722888000000,26
1722902400000,17
1722916800000,17
1722931200000,17
1722945600000,17
1722960000000,17
1722974400000,17
1722988800000,29
1723003200000,29
1723017600000,29
1723032000000,29
1723046400000,29
1723060800000,29
1723075200000,20
1723089600000,20
1723104000000,20
1723118400000,20
1723132800000,20
1723147200000,20
1723161600000,48
1723176000000,48
1723190400000,48
1723204800000,48
1723219200000,48
1723233600000,48
1723248000000,40
1723262400000,40
1723276800000,40
1723291200000,40
1723305600000,40
1723320000000,40
1723334400000,39
1723348800000,39
1723363200000,39
1723377600000,39
1723392000000,39
1723406400000,39
1723420800000,25
1723435200000,25
1723449600000,25
1723464000000,25
1723478400000,25
1723492800000,25
1723507200000,31
1723521600000,31
1723536000000,31
1723550400000,31
1723564800000,31
1723579200000,31
1723593600000,30
1723608000000,30
1723622400000,30
1723636800000,30
1723651200000,30
1723665600000,30
1723680000000,29
1723694400000,29
1723708800000,29
1723723200000,29
1723737600000,29
1723752000000,29
1723766400000,27
1723780800000,27
1723795200000,27
1723809600000,27
1723824000000,27
1723838400000,27
1723852800000,25
1723867200000,25
1723881600000,25
1723896000000,25
1723910400000,25
1723924800000,25
1723939200000,31
1723953600000,31
1723968000000,31
1723982400000,31
1723996800000,31
1724011200000,31
1724025600000,28
1724040000000,28
1724054400000,28
1724068800000,28
1724083200000,28
1724097600000,28
1724112000000,30
1724126400000,30
1724140800000,30
1724155200000,30
1724169600000,30
1724184000000,30
1724198400000,26
1724212800000,26
1724227200000,26
1724241600000,26
1724256000000,26
1724270400000,26
1724284800000,39
1724299200000,39
1724313600000,39
1724328000000,39
1724342400000,39
1724356800000,39
1724371200000,34
1724385600000,34
1724400000000,34
1724414400000,34
1724428800000,34
1724443200000,34
1724457600000,56
1724472000000,56
1724486400000,56
1724500800000,56
1724515200000,56
1724529600000,56
1724544000000,54
1724558400000,54
1724572800000,54
1724587200000,54
1724601600000,54
1724616000000,54
1724630400000,55
1724644800000,55
1724659200000,55
1724673600000,55
1724688000000,55
1724702400000,55
1724716800000,48
1724731200000,48
1724745600000,48
1724760000000,48
1724774400000,48
1724788800000,48
1724803200000,30
1724817600000,30
1724832000000,30
1724846400000,30
1724860800000,30
1724875200000,30
1724889600000,29
1724904000000,29
1724918400000,29
1724932800000,29
1724947200000,29
1724961600000,29
1724976000000,34
1724990400000,34
1725004800000,34
1725019200000,34
1725033600000,34
1725048000000,34
1725062400000,29
1725076800000,29
1725091200000,29
1725105600000,29
1725120000000,29
1725134400000,29
1725148800000,26
1725163200000,26
1725177600000,26
1725192000000,26
1725206400000,26
1725220800000,26
1725235200000,26
1725249600000,26
1725264000000,26
1725278400000,26
1725292800000,26
1725307200000,26
1725321600000,26
1725336000000,26
1725350400000,26
1725364800000,26
1725379200000,26
1725393600000,26
1725408000000,27
1725422400000,27
1725436800000,27
1725451200000,27
1725465600000,27
1725480000000,27
1725494400000,29
1725508800000,29
1725523200000,29
1725537600000,29
1725552000000,29
1725566400000,29
1725580800000,22
1725595200000,22
1725609600000,22
1725624000000,22
1725638400000,22
1725652800000,22
1725667200000,23
1725681600000,23
1725696000000,23
1725710400000,23
1725724800000,23
1725739200000,23
1725753600000,29
1725768000000,29
1725782400000,29
1725796800000,29
1725811200000,29
1725825600000,29
1725840000000,26
1725854400000,26
1725868800000,26
1725883200000,26
1725897600000,26
1725912000000,26
1725926400000,33
1725940800000,33
1725955200000,33
1725969600000,33
1725984000000,33
1725998400000,33
1726012800000,37
1726027200000,37
1726041600000,37
1726056000000,37
1726070400000,37
1726084800000,37
1726099200000,31
1726113600000,31
1726128000000,31
1726142400000,31
1726156800000,31
1726171200000,31
1726185600000,32
1726200000000,32
1726214400000,32
1726228800000,32
1726243200000,32
1726257600000,32
1726272000000,50
1726286400000,50
1726300800000,50
1726315200000,50
1726329600000,50
1726344000000,50
1726358400000,51
1726372800000,51
1726387200000,51
1726401600000,51
1726416000000,51
1726430400000,51
1726444800000,39
1726459200000,39
1726473600000,39
1726488000000,39
1726502400000,39
1726516800000,39
1726531200000,33
1726545600000,33
1726560000000,33
1726574400000,33
1726588800000,33
1726603200000,33
1726617600000,45
1726632000000,45
1726646400000,45
1726660800000,45
1726675200000,45
1726689600000,45
1726704000000,49
1726718400000,49
1726732800000,49
1726747200000,49
1726761600000,49
1726776000000,49
1726790400000,54
1726804800000,54
1726819200000,54
1726833600000,54
1726848000000,54
1726862400000,54
1726876800000,54
1726891200000,54
1726905600000,54
1726920000000,54
1726934400000,54
1726948800000,54
1726963200000,52
1726977600000,52
1726992000000,52
1727006400000,52
1727020800000,52
1727035200000,52
1727049600000,50
1727064000000,50
1727078400000,50
1727092800000,50
1727107200000,50
1727121600000,50
1727136000000,54
1727150400000,54
1727164800000,54
1727179200000,54
1727193600000,54
1727208000000,54
1727222400000,59
1727236800000,59
1727251200000,59
1727265600000,59
1727280000000,59
1727294400000,59
1727308800000,50
1727323200000,50
1727337600000,50
1727352000000,50
1727366400000,50
1727380800000,50
1727395200000,61
1727409600000,61
1727424000000,61
1727438400000,61
1727452800000,61
1727467200000,61
1727481600000,64
1727496000000,64
1727510400000,64
1727524800000,64
1727539200000,64
1727553600000,64
1727568000000,63
1727582400000,63
1727596800000,63
1727611200000,63
1727625600000,63
1727640000000,63
1727654400000,61
1727668800000,61
1727683200000,61
1727697600000,61
1727712000000,61
1727726400000,61
1727740800000,50
1727755200000,50
1727769600000,50
1727784000000,50
1727798400000,50
1727812800000,50
1727827200000,42
1727841600000,42
1727856000000,42
1727870400000,42
1727884800000,42
1727899200000,42
1727913600000,37
1727928000000,37
1727942400000,37
1727956800000,37
1727971200000,37
1727985600000,37
1728000000000,41
1728014400000,41
1728028800000,41
1728043200000,41
1728057600000,41
1728072000000,41
1728086400000,49
1728100800000,49
1728115200000,49
1728129600000,49
1728144000000,49
1728158400000,49
1728172800000,50
1728187200000,50
1728201600000,50
1728216000000,50
1728230400000,50
1728244800000,50
1728259200000,50
1728273600000,50
1728288000000,50
1728302400000,50
1728316800000,50
1728331200000,50
1728345600000,49
1728360000000,49
1728374400000,49
1728388800000,49
1728403200000,49
1728417600000,49
1728432000000,49
1728446400000,49
1728460800000,49
1728475200000,49
1728489600000,49
1728504000000,49
1728518400000,39
1728532800000,39
1728547200000,39
1728561600000,39
1728576000000,39
1728590400000,39
1728604800000,32
1728619200000,32
1728633600000,32
1728648000000,32
1728662400000,32
1728676800000,32
1728691200000,49
1728705600000,49
1728720000000,49
1728734400000,49
1728748800000,49
1728763200000,49
1728777600000,50
1728792000000,50
1728806400000,50
1728820800000,50
1728835200000,50
1728849600000,50
1728864000000,48
1728878400000,48
1728892800000,48
1728907200000,48
1728921600000,48
1728936000000,48
1728950400000,65
1728964800000,65
1728979200000,65
1728993600000,65
1729008000000,65
1729022400000,65
1729036800000,73
1729051200000,73
1729065600000,73
1729080000000,73
1729094400000,73
1729108800000,73
1729123200000,71
1729137600000,71
1729152000000,71
1729166400000,71
1729180800000,71
1729195200000,71
1729209600000,73
1729224000000,73
1729238400000,73
1729252800000,73
1729267200000,73
1729281600000,73
1729296000000,72
1729310400000,72
1729324800000,72
1729339200000,72
1729353600000,72
1729368000000,72
1729382400000,73
1729396800000,73
1729411200000,73
1729425600000,73
1729440000000,73
1729454400000,73
1729468800000,72
1729483200000,72
1729497600000,72
1729512000000,72
1729526400000,72
1729540800000,72
1729555200000,70
1729569600000,70
1729584000000,70
1729598400000,70
1729612800000,70
1729627200000,70
1729641600000,71
1729656000000,71
1729670400000,71
1729684800000,71
1729699200000,71
1729713600000,71
1729728000000,69
1729742400000,69
1729756800000,69
1729771200000,69
1729785600000,69
1729800000000,69
1729814400000,72
1729828800000,72
1729843200000,72
1729857600000,72
1729872000000,72
1729886400000,72
1729900800000,72
1729915200000,72
1729929600000,72
1729944000000,72
1729958400000,72
1729972800000,72
1729987200000,74
1730001600000,74
1730016000000,74
1730030400000,74
1730044800000,74
1730059200000,74
1730073600000,72
1730088000000,72
1730102400000,72
1730116800000,72
1730131200000,72
1730145600000,72
1730160000000,72
1730174400000,72
1730188800000,72
1730203200000,72
1730217600000,72
1730232000000,72
1730246400000,77
1730260800000,77
1730275200000,77
1730289600000,77
1730304000000,77
1730318400000,77
1730332800000,77
1730347200000,77
1730361600000,77
1730376000000,77
1730390400000,77
1730404800000,77
1730419200000,75
1730433600000,75
1730448000000,75
1730462400000,75
1730476800000,75
1730491200000,75
1730505600000,72
1730520000000,72
1730534400000,72
1730548800000,72
1730563200000,72
1730577600000,72
1730592000000,74
1730606400000,74
1730620800000,74
1730635200000,74
1730649600000,74
1730664000000,74
1730678400000,70
1730692800000,70
1730707200000,70
1730721600000,70
1730736000000,70
1730750400000,70
1730764800000,70
1730779200000,70
1730793600000,70
1730808000000,70
1730822400000,70
1730836800000,70
1730851200000,70
1730865600000,70
1730880000000,70
1730894400000,70
1730908800000,70
1730923200000,70
1730937600000,77
1730952000000,77
1730966400000,77
1730980800000,77
1730995200000,77
1731009600000,77
1731024000000,75
1731038400000,75
1731052800000,75
1731067200000,75
1731081600000,75
1731096000000,75
1731110400000,75
1731124800000,75
1731139200000,75
1731153600000,75
1731168000000,75
1731182400000,75
1731196800000,78
1731211200000,78
1731225600000,78
1731240000000,78
1731254400000,78
1731268800000,78
1731283200000,76
1731297600000,76
1731312000000,76
1731326400000,76
1731340800000,76
1731355200000,76
1731369600000,80
1731384000000,80
1731398400000,80
1731412800000,80
1731427200000,80
1731441600000,80
1731456000000,84
1731470400000,84
1731484800000,84
1731499200000,84
1731513600000,84
1731528000000,84
1731542400000,88
1731556800000,88
1731571200000,88
1731585600000,88
1731600000000,88
1731614400000,88
1731628800000,80
1731643200000,80
1731657600000,80
1731672000000,80
1731686400000,80
1731700800000,80
1731715200000,86
1731729600000,86
1731744000000,86
1731758400000,86
1731772800000,86
1731787200000,86
1731801600000,90
1731816000000,90
1731830400000,90
1731844800000,90
1731859200000,90
1731873600000,90
1731888000000,83
1731902400000,83
1731916800000,83
1731931200000,83
1731945600000,83
1731960000000,83
1731974400000,90
1731988800000,90
1732003200000,90
1732017600000,90
1732032000000,90
1732046400000,90
1732060800000,83
1732075200000,83
1732089600000,83
1732104000000,83
1732118400000,83
1732132800000,83
1732147200000,82
1732161600000,82
1732176000000,82
1732190400000,82
1732204800000,82
1732219200000,82
1732233600000,94
1732248000000,94
1732262400000,94
1732276800000,94
1732291200000,94
1732305600000,94
1732320000000,93
1732334400000,93
1732348800000,93
1732363200000,93
1732377600000,93
1732392000000,93
1732406400000,80
1732420800000,80
1732435200000,80
1732449600000,80
1732464000000,80
1732478400000,80
1732492800000,82
1732507200000,82
1732521600000,82
1732536000000,82
1732550400000,82
1732564800000,82
1732579200000,79
1732593600000,79
1732608000000,79
1732622400000,79
1732636800000,79
1732651200000,79
1732665600000,75
1732680000000,75
1732694400000,75
1732708800000,75
1732723200000,75
1732737600000,75
1732752000000,77
1732766400000,77
1732780800000,77
1732795200000,77
1732809600000,77
1732824000000,77
1732838400000,78
1732852800000,78
1732867200000,78
1732881600000,78
1732896000000,78
1732910400000,78
1732924800000,84
1732939200000,84
1732953600000,84
1732968000000,84
1732982400000,84
1732996800000,84
1733011200000,81
1733025600000,81
1733040000000,81
1733054400000,81
1733068800000,81
1733083200000,81
1733097600000,80
1733112000000,80
1733126400000,80
1733140800000,80
1733155200000,80
1733169600000,80
1733184000000,76
1733198400000,76
1733212800000,76
1733227200000,76
1733241600000,76
1733256000000,76
1733270400000,78
1733284800000,78
1733299200000,78
1733313600000,78
1733328000000,78
1733342400000,78
1733356800000,84
1733371200000,84
1733385600000,84
1733400000000,84
1733414400000,84
1733428800000,84
1733443200000,72
1733457600000,72
1733472000000,72
1733486400000,72
1733500800000,72
1733515200000,72
1733529600000,75
1733544000000,75
1733558400000,75
1733572800000,75
1733587200000,75
1733601600000,75
1733616000000,79
1733630400000,79
1733644800000,79
1733659200000,79
1733673600000,79
1733688000000,79
1733702400000,78
1733716800000,78
1733731200000,78
1733745600000,78
1733760000000,78
1733774400000,78
1733788800000,78
1733803200000,78
1733817600000,78
1733832000000,78
1733846400000,78
1733860800000,78
1733875200000,74
1733889600000,74
1733904000000,74
1733918400000,74
1733932800000,74
1733947200000,74
1733961600000,83
1733976000000,83
1733990400000,83
1734004800000,83
1734019200000,83
1734033600000,83
1734048000000,76
1734062400000,76
1734076800000,76
1734091200000,76
1734105600000,76
1734120000000,76
1734134400000,83
1734148800000,83
1734163200000,83
1734177600000,83
1734192000000,83
1734206400000,83
1734220800000,80
1734235200000,80
1734249600000,80
1734264000000,80
1734278400000,80
1734292800000,80
1734307200000,83
1734321600000,83
1734336000000,83
1734350400000,83
1734364800000,83
1734379200000,83
1734393600000,87
1734408000000,87
1734422400000,87
1734436800000,87
1734451200000,87
1734465600000,87
1734480000000,81
1734494400000,81
1734508800000,81
1734523200000,81
1734537600000,81
1734552000000,81
1734566400000,75
1734580800000,75
1734595200000,75
1734609600000,75
1734624000000,75
1734638400000,75
1734652800000,74
1734667200000,74
1734681600000,74
1734696000000,74
1734710400000,74
1734724800000,74
1734739200000,73
1734753600000,73
1734768000000,73
1734782400000,73
1734796800000,73
1734811200000,73
1734825600000,73
1734840000000,73
1734854400000,73
1734868800000,73
1734883200000,73
1734897600000,73
1734912000000,70
1734926400000,70
1734940800000,70
1734955200000,70
1734969600000,70
1734984000000,70
1734998400000,73
1735012800000,73
1735027200000,73
1735041600000,73
1735056000000,73
1735070400000,73
1735084800000,73
1735099200000,73
1735113600000,73
1735128000000,73
1735142400000,73
1735156800000,73
1735171200000,79
1735185600000,79
1735200000000,79
1735214400000,79
1735228800000,79
1735243200000,79
1735257600000,74
1735272000000,74
1735286400000,74
1735300800000,74
1735315200000,74
1735329600000,74
1735344000000,72
1735358400000,72
1735372800000,72
1735387200000,72
1735401600000,72
1735416000000,72
1735430400000,73
1735444800000,73
1735459200000,73
1735473600000,73
1735488000000,73
1735502400000,73
1735516800000,65
1735531200000,65
1735545600000,65
1735560000000,65
1735574400000,65
1735588800000,65
1735603200000,64
1735617600000,64
1735632000000,64
1735646400000,64
1735660800000,64
1735675200000,64
1735689600000,66
1735704000000,66
1735718400000,66
1735732800000,66
1735747200000,66
1735761600000,66
1735776000000,70
1735790400000,70
1735804800000,70
1735819200000,70
1735833600000,70
1735848000000,70
1735862400000,74
1735876800000,74
1735891200000,74
1735905600000,74
1735920000000,74
1735934400000,74
1735948800000,73
1735963200000,73
1735977600000,73
1735992000000,73
1736006400000,73
1736020800000,73
1736035200000,72
1736049600000,72
1736064000000,72
1736078400000,72
1736092800000,72
1736107200000,72
1736121600000,76
1736136000000,76
1736150400000,76
1736164800000,76
1736179200000,76
1736193600000,76
1736208000000,78
1736222400000,78
1736236800000,78
1736251200000,78
1736265600000,78
1736280000000,78
1736294400000,70
1736308800000,70
1736323200000,70
1736337600000,70
1736352000000,70
1736366400000,70
1736380800000,69
1736395200000,69
1736409600000,69
1736424000000,69
1736438400000,69
1736452800000,69
1736467200000,50
1736481600000,50
1736496000000,50
1736510400000,50
1736524800000,50
1736539200000,50
1736553600000,69
1736568000000,69
1736582400000,69
1736596800000,69
1736611200000,69
1736625600000,69
1736640000000,62
1736654400000,62
1736668800000,62
1736683200000,62
1736697600000,62
1736712000000,62
1736726400000,61
1736740800000,61
1736755200000,61
1736769600000,61
1736784000000,61
1736798400000,61
1736812800000,63
1736827200000,63
1736841600000,63
1736856000000,63
1736870400000,63
1736884800000,63
1736899200000,70
1736913600000,70
1736928000000,70
1736942400000,70
1736956800000,70
1736971200000,70
1736985600000,75
1737000000000,75
1737014400000,75
1737028800000,75
1737043200000,75
1737057600000,75
1737072000000,75
1737086400000,75
1737100800000,75
1737115200000,75
1737129600000,75
1737144000000,75
1737158400000,77
1737172800000,77
1737187200000,77
1737201600000,77
1737216000000,77
1737230400000,77
1737244800000,77
1737259200000,77
1737273600000,77
1737288000000,77
1737302400000,77
1737316800000,77
1737331200000,76
1737345600000,76
1737360000000,76
1737374400000,76
1737388800000,76
1737403200000,76
1737417600000,76
1737432000000,76
1737446400000,76
1737460800000,76
1737475200000,76
1737489600000,76
1737504000000,84
1737518400000,84
1737532800000,84
1737547200000,84
1737561600000,84
1737576000000,84
1737590400000,75
1737604800000,75
1737619200000,75
1737633600000,75
1737648000000,75
1737662400000,75
1737676800000,75
1737691200000,75
1737705600000,75
1737720000000,75
1737734400000,75
1737748800000,75
1737763200000,75
1737777600000,75
1737792000000,75
1737806400000,75
1737820800000,75
1737835200000,75
1737849600000,73
1737864000000,73
1737878400000,73
1737892800000,73
1737907200000,73
1737921600000,73
1737936000000,71
1737950400000,71
1737964800000,71
1737979200000,71
1737993600000,71
1738008000000,71
1738022400000,72
1738036800000,72
1738051200000,72
1738065600000,72
1738080000000,72
1738094400000,72
1738108800000,72
1738123200000,72
1738137600000,72
1738152000000,72
1738166400000,72
1738180800000,72
1738195200000,70
1738209600000,70
1738224000000,70
1738238400000,70
1738252800000,70
1738267200000,70
1738281600000,76
1738296000000,76
1738310400000,76
1738324800000,76
1738339200000,76
1738353600000,76
1738368000000,68
1738382400000,68
1738396800000,68
1738411200000,68
1738425600000,68
1738440000000,68
1738454400000,60
1738468800000,60
1738483200000,60
1738497600000,60
1738512000000,60
1738526400000,60
1738540800000,44
1738555200000,44
1738569600000,44
1738584000000,44
1738598400000,44
1738612800000,44
1738627200000,72
1738641600000,72
1738656000000,72
1738670400000,72
1738684800000,72
1738699200000,72
1738713600000,54
1738728000000,54
1738742400000,54
1738756800000,54
1738771200000,54
1738785600000,54
1738800000000,49
1738814400000,49
1738828800000,49
1738843200000,49
1738857600000,49
1738872000000,49
1738886400000,44
1738900800000,44
1738915200000,44
1738929600000,44
1738944000000,44
1738958400000,44
1738972800000,44
1738987200000,44
1739001600000,44
1739016000000,44
1739030400000,44
1739044800000,44
1739059200000,46
1739073600000,46
1739088000000,46
1739102400000,46
1739116800000,46
1739131200000,46
1739145600000,43
1739160000000,43
1739174400000,43
1739188800000,43
1739203200000,43
1739217600000,43
1739232000000,47
1739246400000,47
1739260800000,47
1739275200000,47
1739289600000,47
1739304000000,47
1739318400000,46
1739332800000,46
1739347200000,46
1739361600000,46
1739376000000,46
1739390400000,46
1739404800000,50
1739419200000,50
1739433600000,50
1739448000000,50
1739462400000,50
1739476800000,50
1739491200000,48
1739505600000,48
1739520000000,48
1739534400000,48
1739548800000,48
1739563200000,48
1739577600000,50
1739592000000,50
1739606400000,50
1739620800000,50
1739635200000,50
1739649600000,50
1739664000000,54
1739678400000,54
1739692800000,54
1739707200000,54
1739721600000,54
1739736000000,54
1739750400000,51
1739764800000,51
1739779200000,51
1739793600000,51
1739808000000,51
1739822400000,51
1739836800000,47
1739851200000,47
1739865600000,47
1739880000000,47
1739894400000,47
1739908800000,47
1739923200000,44
1739937600000,44
1739952000000,44
1739966400000,44
1739980800000,44
1739995200000,44
1740009600000,49
1740024000000,49
1740038400000,49
1740052800000,49
1740067200000,49
1740081600000,49
1740096000000,55
1740110400000,55
1740124800000,55
1740139200000,55
1740153600000,55
1740168000000,55
1740182400000,49
1740196800000,49
1740211200000,49
1740225600000,49
1740240000000,49
1740254400000,49
1740268800000,50
1740283200000,50
1740297600000,50
1740312000000,50
1740326400000,50
1740340800000,50
1740355200000,49
1740369600000,49
1740384000000,49
1740398400000,49
1740412800000,49
1740427200000,49
1740441600000,25
1740456000000,25
1740470400000,25
1740484800000,25
1740499200000,25
1740513600000,25
1740528000000,21
1740542400000,21
1740556800000,21
1740571200000,21
1740585600000,21
1740600000000,21
1740614400000,10
1740628800000,10
1740643200000,10
1740657600000,10
1740672000000,10
1740686400000,10
1740700800000,16
1740715200000,16
1740729600000,16
1740744000000,16
1740758400000,16
1740772800000,16
1740787200000,20
1740801600000,20
1740816000000,20
1740830400000,20
1740844800000,20
1740859200000,20
1740873600000,26
1740888000000,26
1740902400000,26
1740916800000,26
1740931200000,26
1740945600000,26
1740960000000,33
1740974400000,33
1740988800000,33
1741003200000,33
1741017600000,33
1741032000000,33
1741046400000,15
1741060800000,15
1741075200000,15
1741089600000,15
1741104000000,15
1741118400000,15
1741132800000,20
1741147200000,20
1741161600000,20
1741176000000,20
1741190400000,20
1741204800000,20
1741219200000,25
1741233600000,25
1741248000000,25
1741262400000,25
1741276800000,25
1741291200000,25
1741305600000,34
1741320000000,34
1741334400000,34
1741348800000,34
1741363200000,34
1741377600000,34
1741392000000,28
1741406400000,28
1741420800000,28
1741435200000,28
1741449600000,28
1741464000000,28
1741478400000,27
1741492800000,27
1741507200000,27
1741521600000,27
1741536000000,27
1741550400000,27
1741564800000,20
1741579200000,20
1741593600000,20
1741608000000,20
1741622400000,20
1741636800000,20
1741651200000,24
1741665600000,24
1741680000000,24
1741694400000,24
1741708800000,24
1741723200000,24
1741737600000,34
1741752000000,34
1741766400000,34
1741780800000,34
1741795200000,34
1741809600000,34
1741824000000,45
1741838400000,45
1741852800000,45
1741867200000,45
1741881600000,45
1741896000000,45
1741910400000,27
1741924800000,27
1741939200000,27
1741953600000,27
1741968000000,27
1741982400000,27
1741996800000,46
1742011200000,46
1742025600000,46
1742040000000,46
1742054400000,46
1742068800000,46
1742083200000,30
1742097600000,30
1742112000000,30
1742126400000,30
1742140800000,30
1742155200000,30
1742169600000,32
1742184000000,32
1742198400000,32
1742212800000,32
1742227200000,32
1742241600000,32
1742256000000,34
1742270400000,34
1742284800000,34
1742299200000,34
1742313600000,34
1742328000000,34
1742342400000,32
1742356800000,32
1742371200000,32
1742385600000,32
1742400000000,32
1742414400000,32
1742428800000,49
1742443200000,49
1742457600000,49
1742472000000,49
1742486400000,49
1742500800000,49
1742515200000,31
1742529600000,31
1742544000000,31
1742558400000,31
1742572800000,31
1742587200000,31
1742601600000,32
1742616000000,32
1742630400000,32
1742644800000,32
1742659200000,32
1742673600000,32
1742688000000,30
1742702400000,30
1742716800000,30
1742731200000,30
1742745600000,30
1742760000000,30
1742774400000,45
1742788800000,45
1742803200000,45
1742817600000,45
1742832000000,45
1742846400000,45
1742860800000,46
1742875200000,46
1742889600000,46
1742904000000,46
1742918400000,46
1742932800000,46
1742947200000,47
1742961600000,47
1742976000000,47
1742990400000,47
1743004800000,47
1743019200000,47
1743033600000,40
1743048000000,40
1743062400000,40
1743076800000,40
1743091200000,40
1743105600000,40
1743120000000,44
1743134400000,44
1743148800000,44
1743163200000,44
1743177600000,44
1743192000000,44
1743206400000,26
1743220800000,26
1743235200000,26
1743249600000,26
1743264000000,26
1743278400000,26
1743292800000,32
1743307200000,32
1743321600000,32
1743336000000,32
1743350400000,32
1743364800000,32
1743379200000,34
1743393600000,34
1743408000000,34
1743422400000,34
1743436800000,34
1743451200000,34
1743465600000,34
1743480000000,34
1743494400000,34
1743508800000,34
1743523200000,34
1743537600000,34
1743552000000,44
1743566400000,44
1743580800000,44
1743595200000,44
1743609600000,44
1743624000000,44
1743638400000,25
1743652800000,25
1743667200000,25
1743681600000,25
1743696000000,25
1743710400000,25
1743724800000,28
1743739200000,28
1743753600000,28
1743768000000,28
1743782400000,28
1743796800000,28
1743811200000,30
1743825600000,30
1743840000000,30
1743854400000,30
1743868800000,30
1743883200000,30
1743897600000,34
1743912000000,34
1743926400000,34
1743940800000,34
1743955200000,34
1743969600000,34
1743984000000,23
1743998400000,23
1744012800000,23
1744027200000,23
1744041600000,23
1744056000000,23
1744070400000,24
1744084800000,24
1744099200000,24
1744113600000,24
1744128000000,24
1744142400000,24
1744156800000,18
1744171200000,18
1744185600000,18
1744200000000,18
1744214400000,18
1744228800000,18
1744243200000,39
1744257600000,39
1744272000000,39
1744286400000,39
1744300800000,39
1744315200000,39
1744329600000,25
1744344000000,25
1744358400000,25
1744372800000,25
1744387200000,25
1744401600000,25
1744416000000,43
1744430400000,43
1744444800000,43
1744459200000,43
1744473600000,43
1744488000000,43
1744502400000,45
1744516800000,45
1744531200000,45
1744545600000,45
1744560000000,45
1744574400000,45
1744588800000,31
1744603200000,31
1744617600000,31
1744632000000,31
1744646400000,31
1744660800000,31
1744675200000,38
1744689600000,38
1744704000000,38
1744718400000,38
1744732800000,38
1744747200000,38
1744761600000,29
1744776000000,29
1744790400000,29
1744804800000,29
1744819200000,29
1744833600000,29
1744848000000,30
1744862400000,30
1744876800000,30
1744891200000,30
1744905600000,30
1744920000000,30
1744934400000,33
1744948800000,33
1744963200000,33
1744977600000,33
1744992000000,33
1745006400000,33
1745020800000,32
1745035200000,32
1745049600000,32
1745064000000,32
1745078400000,32
1745092800000,32
1745107200000,37
1745121600000,37
1745136000000,37
1745150400000,37
1745164800000,37
1745179200000,37
1745193600000,39
1745208000000,39
1745222400000,39
1745236800000,39
1745251200000,39
1745265600000,39
1745280000000,47
1745294400000,47
1745308800000,47
1745323200000,47
1745337600000,47
1745352000000,47
1745366400000,72
1745380800000,72
1745395200000,72
1745409600000,72
1745424000000,72
1745438400000,72
1745452800000,63
1745467200000,63
1745481600000,63
1745496000000,63
1745510400000,63
1745524800000,63
1745539200000,60
1745553600000,60
1745568000000,60
1745582400000,60
1745596800000,60
1745611200000,60
1745625600000,65
1745640000000,65
1745654400000,65
1745668800000,65
1745683200000,65
1745697600000,65
1745712000000,61
1745726400000,61
1745740800000,61
1745755200000,61
1745769600000,61
1745784000000,61
1745798400000,54
1745812800000,54
1745827200000,54
1745841600000,54
1745856000000,54
1745870400000,54
1745884800000,60
1745899200000,60
1745913600000,60
1745928000000,60
1745942400000,60
1745956800000,60
1745971200000,56
1745985600000,56
1746000000000,56
1746014400000,56
1746028800000,56
1746043200000,56
1746057600000,53
1746072000000,53
1746086400000,53
1746100800000,53
1746115200000,53
1746129600000,53
1746144000000,67
1746158400000,67
1746172800000,67
1746187200000,67
1746201600000,67
1746216000000,67
1746230400000,65
1746244800000,65
1746259200000,65
1746273600000,65
1746288000000,65
1746302400000,65
1746316800000,64
1746331200000,64
1746345600000,64
1746360000000,64
1746374400000,64
1746388800000,64
1746403200000,52
1746417600000,52
1746432000000,52
1746446400000,52
1746460800000,52
1746475200000,52
1746489600000,59
1746504000000,59
1746518400000,59
1746532800000,59
1746547200000,59
1746561600000,59
1746576000000,67
1746590400000,67
1746604800000,67
1746619200000,67
1746633600000,67
1746648000000,67
1746662400000,65
1746676800000,65
1746691200000,65
1746705600000,65
1746720000000,65
1746734400000,65
1746748800000,73
1746763200000,73
1746777600000,73
1746792000000,73
1746806400000,73
1746820800000,73
1746835200000,70
1746849600000,70
1746864000000,70
1746878400000,70
1746892800000,70
1746907200000,70
1746921600000,70
1746936000000,70
1746950400000,70
1746964800000,70
1746979200000,70
1746993600000,70
1747008000000,70
1747022400000,70
1747036800000,70
1747051200000,70
1747065600000,70
1747080000000,70
1747094400000,70
1747108800000,70
1747123200000,70
1747137600000,70
1747152000000,70
1747166400000,70
1747180800000,73
1747195200000,73
1747209600000,73
1747224000000,73
1747238400000,73
1747252800000,73
1747267200000,70
1747281600000,70
1747296000000,70
1747310400000,70
1747324800000,70
1747339200000,70
1747353600000,71
1747368000000,71
1747382400000,71
1747396800000,71
1747411200000,71
1747425600000,71
1747440000000,74
1747454400000,74
1747468800000,74
1747483200000,74
1747497600000,74
1747512000000,74
1747526400000,74
1747540800000,74
1747555200000,74
1747569600000,74
1747584000000,74
1747598400000,74
1747612800000,74
1747627200000,74
1747641600000,74
1747656000000,74
1747670400000,74
1747684800000,74
1747699200000,71
1747713600000,71
1747728000000,71
1747742400000,71
1747756800000,71
1747771200000,71
1747785600000,70
1747800000000,70
1747814400000,70
1747828800000,70
1747843200000,70
1747857600000,70
1747872000000,72
1747886400000,72
1747900800000,72
1747915200000,72
1747929600000,72
1747944000000,72
1747958400000,78
1747972800000,78
1747987200000,78
1748001600000,78
1748016000000,78
1748030400000,78
1748044800000,66
1748059200000,66
1748073600000,66
1748088000000,66
1748102400000,66
1748116800000,66
1748131200000,74
1748145600000,74
1748160000000,74
1748174400000,74
1748188800000,74
1748203200000,74
1748217600000,73
1748232000000,73
1748246400000,73
1748260800000,73
1748275200000,73
1748289600000,73
1748304000000,74
1748318400000,74
1748332800000,74
1748347200000,74
1748361600000,74
1748376000000,74
1748390400000,71
1748404800000,71
1748419200000,71
1748433600000,71
1748448000000,71
1748462400000,71
1748476800000,74
1748491200000,74
1748505600000,74
1748520000000,74
1748534400000,74
1748548800000,74
1748563200000,60
1748577600000,60
1748592000000,60
1748606400000,60
1748620800000,60
1748635200000,60
1748649600000,50
1748664000000,50
1748678400000,50
1748692800000,50
1748707200000,50
1748721600000,50
1748736000000,56
1748750400000,56
1748764800000,56
1748779200000,56
1748793600000,56
1748808000000,56
1748822400000,64
1748836800000,64
1748851200000,64
1748865600000,64
1748880000000,64
1748894400000,64
1748908800000,64
1748923200000,64
1748937600000,64
1748952000000,64
1748966400000,64
1748980800000,64
1748995200000,62
1749009600000,62
1749024000000,62
1749038400000,62
1749052800000,62
1749067200000,62
1749081600000,57
1749096000000,57
1749110400000,57
1749124800000,57
1749139200000,57
1749153600000,57
1749168000000,45
1749182400000,45
1749196800000,45
1749211200000,45
1749225600000,45
1749240000000,45
1749254400000,52
1749268800000,52
1749283200000,52
1749297600000,52
1749312000000,52
1749326400000,52
1749340800000,62
1749355200000,62
1749369600000,62
1749384000000,62
1749398400000,62
1749412800000,62
1749427200000,62
1749441600000,62
1749456000000,62
1749470400000,62
1749484800000,62
1749499200000,62
1749513600000,71
1749528000000,71
1749542400000,71
1749556800000,71
1749571200000,71
1749585600000,71
1749600000000,72
1749614400000,72
1749628800000,72
1749643200000,72
1749657600000,72
1749672000000,72
1749686400000,71
1749700800000,71
1749715200000,71
1749729600000,71
1749744000000,71
1749758400000,71
1749772800000,61
1749787200000,61
1749801600000,61
1749816000000,61
1749830400000,61
1749844800000,61
1749859200000,63
1749873600000,63
1749888000000,63
1749902400000,63
1749916800000,63
1749931200000,63
1749945600000,60
1749960000000,60
1749974400000,60
1749988800000,60
1750003200000,60
1750017600000,60
1750032000000,61
1750046400000,61
1750060800000,61
1750075200000,61
1750089600000,61
1750104000000,61
1750118400000,68
1750132800000,68
1750147200000,68
1750161600000,68
1750176000000,68
1750190400000,68
1750204800000,52
1750219200000,52
1750233600000,52
1750248000000,52
1750262400000,52
1750276800000,52
1750291200000,57
1750305600000,57
1750320000000,57
1750334400000,57
1750348800000,57
1750363200000,57
1750377600000,54
1750392000000,54
1750406400000,54
1750420800000,54
1750435200000,54
1750449600000,54
1750464000000,49
1750478400000,49
1750492800000,49
1750507200000,49
1750521600000,49
1750536000000,49
1750550400000,42
1750564800000,42
1750579200000,42
1750593600000,42
1750608000000,42
1750622400000,42
1750636800000,47
1750651200000,47
1750665600000,47
1750680000000,47
1750694400000,47
1750708800000,47
1750723200000,65
1750737600000,65
1750752000000,65
1750766400000,65
1750780800000,65
1750795200000,65
1750809600000,66
1750824000000,66
1750838400000,66
1750852800000,66
1750867200000,66
1750881600000,66
1750896000000,74
1750910400000,74
1750924800000,74
1750939200000,74
1750953600000,74
1750968000000,74
1750982400000,65
1750996800000,65
1751011200000,65
1751025600000,65
1751040000000,65
1751054400000,65
1751068800000,65
1751083200000,65
1751097600000,65
1751112000000,65
1751126400000,65
1751140800000,65
1751155200000,68
1751169600000,68
1751184000000,68
1751198400000,68
1751212800000,68
1751227200000,68
1751241600000,66
1751256000000,66
1751270400000,66
1751284800000,66
1751299200000,66
1751313600000,66
1751328000000,64
1751342400000,64
1751356800000,64
1751371200000,64
1751385600000,64
1751400000000,64
1751414400000,63
1751428800000,63
1751443200000,63
1751457600000,63
1751472000000,63
1751486400000,63
1751500800000,73
1751515200000,73
1751529600000,73
1751544000000,73
1751558400000,73
1751572800000,73
1751587200000,73
1751601600000,73
1751616000000,73
1751630400000,73
1751644800000,73
1751659200000,73
1751673600000,67
1751688000000,67
1751702400000,67
1751716800000,67
1751731200000,67
1751745600000,67
1751760000000,66
1751774400000,66
1751788800000,66
1751803200000,66
1751817600000,66
1751832000000,66
1751846400000,73
1751860800000,73
1751875200000,73
1751889600000,73
1751904000000,73
1751918400000,73
1751932800000,65
1751947200000,65
1751961600000,65
1751976000000,65
1751990400000,65
1752004800000,65
1752019200000,66
1752033600000,66
1752048000000,66
1752062400000,66
1752076800000,66
1752091200000,66
1752105600000,71
1752120000000,71
1752134400000,71
1752148800000,71
1752163200000,71
1752177600000,71
1752192000000,71
1752206400000,71
1752220800000,71
1752235200000,71
1752249600000,71
1752264000000,71
1752278400000,79
1752292800000,79
1752307200000,79
1752321600000,79
1752336000000,79
1752350400000,79
1752364800000,74
1752379200000,74
1752393600000,74
1752408000000,74
1752422400000,74
1752436800000,74
1752451200000,74
1752465600000,74
1752480000000,74
1752494400000,74
1752508800000,74
1752523200000,74
1752537600000,73
1752552000000,73
1752566400000,73
1752580800000,73
1752595200000,73
1752609600000,73
1752624000000,70
1752638400000,70
1752652800000,70
1752667200000,70
1752681600000,70
1752696000000,70
1752710400000,74
1752724800000,74
1752739200000,74
1752753600000,74
1752768000000,74
1752782400000,74
1752796800000,73
1752811200000,73
1752825600000,73
1752840000000,73
1752854400000,73
1752868800000,73
1752883200000,74
1752897600000,74
1752912000000,74
1752926400000,74
1752940800000,74
1752955200000,74
1752969600000,72
1752984000000,72
1752998400000,72
1753012800000,72
1753027200000,72
1753041600000,72
1753056000000,71
1753070400000,71
1753084800000,71
1753099200000,71
1753113600000,71
1753128000000,71
1753142400000,72
1753156800000,72
1753171200000,72
1753185600000,72
1753200000000,72
1753214400000,72
1753228800000,74
1753243200000,74
1753257600000,74
1753272000000,74
1753286400000,74
1753300800000,74
1753315200000,71
1753329600000,71
1753344000000,71
1753358400000,71
1753372800000,71
1753387200000,71
1753401600000,70
1753416000000,70
1753430400000,70
1753444800000,70
1753459200000,70
1753473600000,70
1753488000000,72
1753502400000,72
1753516800000,72
1753531200000,72
1753545600000,72
1753560000000,72
1753574400000,73
1753588800000,73
1753603200000,73
1753617600000,73
1753632000000,73
1753646400000,73
1753660800000,75
1753675200000,75
1753689600000,75
1753704000000,75
1753718400000,75
1753732800000,75
1753747200000,73
1753761600000,73
1753776000000,73
1753790400000,73
1753804800000,73
1753819200000,73
1753833600000,74
1753848000000,74
1753862400000,74
1753876800000,74
1753891200000,74
1753905600000,74
1753920000000,72
1753934400000,72
1753948800000,72
1753963200000,72
1753977600000,72
1753992000000,72
1754006400000,65
1754020800000,65
1754035200000,65
1754049600000,65
1754064000000,65
1754078400000,65
1754092800000,55
1754107200000,55
1754121600000,55
1754136000000,55
1754150400000,55
1754164800000,55
1754179200000,53
1754193600000,53
1754208000000,53
1754222400000,53
1754236800000,53
1754251200000,53
1754265600000,64
1754280000000,64
1754294400000,64
1754308800000,64
1754323200000,64
1754337600000,64
1754352000000,60
1754366400000,60
1754380800000,60
1754395200000,60
1754409600000,60
1754424000000,60
1754438400000,54
1754452800000,54
1754467200000,54
1754481600000,54
1754496000000,54
1754510400000,54
1754524800000,62
1754539200000,62
1754553600000,62
1754568000000,62
1754582400000,62
1754596800000,62
1754611200000,74
1754625600000,74
1754640000000,74
1754654400000,74
1754668800000,74
1754683200000,74
1754697600000,67
1754712000000,67
1754726400000,67
1754740800000,67
1754755200000,67
1754769600000,67
1754784000000,69
1754798400000,69
1754812800000,69
1754827200000,69
1754841600000,69
1754856000000,69
1754870400000,70
1754884800000,70
1754899200000,70
1754913600000,70
1754928000000,70
1754942400000,70
1754956800000,68
1754971200000,68
1754985600000,68
1755000000000,68
1755014400000,68
1755028800000,68
1755043200000,73
1755057600000,73
1755072000000,73
1755086400000,73
1755100800000,73
1755115200000,73
1755129600000,75
1755144000000,75
1755158400000,75
1755172800000,75
1755187200000,75
1755201600000,75
1755216000000,60
1755230400000,60
1755244800000,60
1755259200000,60
1755273600000,60
1755288000000,60
1755302400000,56
1755316800000,56
1755331200000,56
1755345600000,56
1755360000000,56
1755374400000,56
1755388800000,64
1755403200000,64
1755417600000,64
1755432000000,64
1755446400000,64
1755460800000,64
1755475200000,60
1755489600000,60
1755504000000,60
1755518400000,60
1755532800000,60
1755547200000,60
1755561600000,56
1755576000000,56
1755590400000,56
1755604800000,56
1755619200000,56
1755633600000,56
1755648000000,44
1755662400000,44
1755676800000,44
1755691200000,44
1755705600000,44
1755720000000,44
1755734400000,50
1755748800000,50
1755763200000,50
1755777600000,50
1755792000000,50
1755806400000,50
1755820800000,50
1755835200000,50
1755849600000,50
1755864000000,50
1755878400000,50
1755892800000,50
1755907200000,60
1755921600000,60
1755936000000,60
1755950400000,60
1755964800000,60
1755979200000,60
1755993600000,53
1756008000000,53
1756022400000,53
1756036800000,53
1756051200000,53
1756065600000,53
1756080000000,47
1756094400000,47
1756108800000,47
1756123200000,47
1756137600000,47
1756152000000,47
1756166400000,48
1756180800000,48
1756195200000,48
1756209600000,48
1756224000000,48
1756238400000,48
1756252800000,51
1756267200000,51
1756281600000,51
1756296000000,51
1756310400000,51
1756324800000,51
1756339200000,48
1756353600000,48
1756368000000,48
1756382400000,48
1756396800000,48
1756411200000,48
1756425600000,50
1756440000000,50
1756454400000,50
1756468800000,50
1756483200000,50
1756497600000,50
1756512000000,39
1756526400000,39
1756540800000,39
1756555200000,39
1756569600000,39
1756584000000,39
1756598400000,48
1756612800000,48
1756627200000,48
1756641600000,48
1756656000000,48
1756670400000,48
1756684800000,46
1756699200000,46
1756713600000,46
1756728000000,46
1756742400000,46
1756756800000,46
1756771200000,49
1756785600000,49
1756800000000,49
1756814400000,49
1756828800000,49
1756843200000,49
1756857600000,55
1756872000000,55
1756886400000,55
1756900800000,55
1756915200000,55
1756929600000,55
1756944000000,51
1756958400000,51
1756972800000,51
1756987200000,51
1757001600000,51
1757016000000,51
1757030400000,48
1757044800000,48
1757059200000,48
1757073600000,48
1757088000000,48
1757102400000,48
1757116800000,48
1757131200000,48
1757145600000,48
1757160000000,48
1757174400000,48
1757188800000,48
1757203200000,44
1757217600000,44
1757232000000,44
1757246400000,44
1757260800000,44
1757275200000,44
1757289600000,51
1757304000000,51
1757318400000,51
1757332800000,51
1757347200000,51
1757361600000,51
1757376000000,48
1757390400000,48
1757404800000,48
1757419200000,48
1757433600000,48
1757448000000,48
1757462400000,49
1757476800000,49
1757491200000,49
1757505600000,49
1757520000000,49
1757534400000,49
1757548800000,54
1757563200000,54
1757577600000,54
1757592000000,54
1757606400000,54
1757620800000,54
1757635200000,57
1757649600000,57
1757664000000,57
1757678400000,57
1757692800000,57
1757707200000,57
1757721600000,52
1757736000000,52
1757750400000,52
1757764800000,52
1757779200000,52
1757793600000,52
1757808000000,55
1757822400000,55
1757836800000,55
1757851200000,55
1757865600000,55
1757880000000,55
1757894400000,53
1757908800000,53
1757923200000,53
1757937600000,53
1757952000000,53
1757966400000,53
1757980800000,52
1757995200000,52
1758009600000,52
1758024000000,52
1758038400000,52
1758052800000,52
1758067200000,53
1758081600000,53
1758096000000,53
1758110400000,53
1758124800000,53
1758139200000,53
1758153600000,52
1758168000000,52
1758182400000,52
1758196800000,52
1758211200000,52
1758225600000,52
1758240000000,53
1758254400000,53
1758268800000,53
1758283200000,53
1758297600000,53
1758312000000,53
1758326400000,48
1758340800000,48
1758355200000,48
1758369600000,48
1758384000000,48
1758398400000,48
1758412800000,49
1758427200000,49
1758441600000,49
1758456000000,49
1758470400000,49
1758484800000,49
1758499200000,45
1758513600000,45
1758528000000,45
1758542400000,45
1758556800000,45
1758571200000,45
1758585600000,43
1758600000000,43
1758614400000,43
1758628800000,43
1758643200000,43
1758657600000,43
1758672000000,44
1758686400000,44
1758700800000,44
1758715200000,44
1758729600000,44
1758744000000,44
1758758400000,44
1758772800000,44
1758787200000,44
1758801600000,44
1758816000000,44
1758830400000,44
1758844800000,28
1758859200000,28
1758873600000,28
1758888000000,28
1758902400000,28
1758916800000,28
1758931200000,33
1758945600000,33
1758960000000,33
1758974400000,33
1758988800000,33
1759003200000,33
1759017600000,37
1759032000000,37
1759046400000,37
1759060800000,37
1759075200000,37
1759089600000,37
1759104000000,50
1759118400000,50
1759132800000,50
1759147200000,50
1759161600000,50
1759176000000,50
1759190400000,50
1759204800000,50
1759219200000,50
1759233600000,50
1759248000000,50
1759262400000,50
1759276800000,49
1759291200000,49
1759305600000,49
1759320000000,49
1759334400000,49
1759348800000,49
1759363200000,64
1759377600000,64
1759392000000,64
1759406400000,64
1759420800000,64
1759435200000,64
1759449600000,63
1759464000000,63
1759478400000,63
1759492800000,63
1759507200000,63
1759521600000,63
1759536000000,71
1759550400000,71
1759564800000,71
1759579200000,71
1759593600000,71
1759608000000,71
1759622400000,74
1759636800000,74
1759651200000,74
1759665600000,74
1759680000000,74
1759694400000,74
1759708800000,71
1759723200000,71
1759737600000,71
1759752000000,71
1759766400000,71
1759780800000,71
1759795200000,70
1759809600000,70
1759824000000,70
1759838400000,70
1759852800000,70
1759867200000,70
1759881600000,60
1759896000000,60
1759910400000,60
1759924800000,60
1759939200000,60
1759953600000,60
1759968000000,70
1759982400000,70
1759996800000,70
1760011200000,70
1760025600000,70
1760040000000,70
1760054400000,64
1760068800000,64
1760083200000,64
1760097600000,64
1760112000000,64
1760126400000,64
1760140800000,27
1760155200000,27
1760169600000,27
1760184000000,27
1760198400000,27
1760212800000,27
1760227200000,24
1760241600000,24
1760256000000,24
1760270400000,24
1760284800000,24
1760299200000,24
1760313600000,38
1760328000000,38
1760342400000,38
1760356800000,38
1760371200000,38
1760385600000,38
1760400000000,38
1760414400000,38
1760428800000,38
1760443200000,38
1760457600000,38
1760472000000,38
1760486400000,34
1760500800000,34
1760515200000,34
1760529600000,34
1760544000000,34
1760558400000,34
1760572800000,28
1760587200000,28
1760601600000,28
1760616000000,28
1760630400000,28
1760644800000,28
1760659200000,22
1760673600000,22
1760688000000,22
1760702400000,22
1760716800000,22
1760731200000,22
1760745600000,23
1760760000000,23
1760774400000,23
1760788800000,23
1760803200000,23
1760817600000,23
1760832000000,29
1760846400000,29
1760860800000,29
1760875200000,29
1760889600000,29
1760904000000,29
1760918400000,29
1760932800000,29
1760947200000,29
1760961600000,29
1760976000000,29
1760990400000,29
1761004800000,34
1761019200000,34
1761033600000,34
1761048000000,34
1761062400000,34
1761076800000,34
1761091200000,25
1761105600000,25
1761120000000,25
1761134400000,25
1761148800000,25
1761163200000,25
1761177600000,27
1761192000000,27
1761206400000,27
1761220800000,27
1761235200000,27
1761249600000,27
1761264000000,30
1761278400000,30
1761292800000,30
1761307200000,30
1761321600000,30
1761336000000,30
1761350400000,37
1761364800000,37
1761379200000,37
1761393600000,37
1761408000000,37
1761422400000,37
1761436800000,40
1761451200000,40
1761465600000,40
1761480000000,40
1761494400000,40
1761508800000,40
1761523200000,51
1761537600000,51
1761552000000,51
1761566400000,51
1761580800000,51
1761595200000,51
1761609600000,50
1761624000000,50
1761638400000,50
1761652800000,50
1761667200000,50
1761681600000,50
1761696000000,51
1761710400000,51
1761724800000,51
1761739200000,51
1761753600000,51
1761768000000,51
1761782400000,34
1761796800000,34
1761811200000,34
1761825600000,34
1761840000000,34
1761854400000,34
1761868800000,29
1761883200000,29
1761897600000,29
1761912000000,29
1761926400000,29
1761940800000,29
1761955200000,33
1761969600000,33
1761984000000,33
1761998400000,33
1762012800000,33
1762027200000,33
1762041600000,37
1762056000000,37
1762070400000,37
1762084800000,37
1762099200000,37
1762113600000,37
1762128000000,42
1762142400000,42
1762156800000,42
1762171200000,42
1762185600000,42
1762200000000,42
1762214400000,21
1762228800000,21
1762243200000,21
1762257600000,21
1762272000000,21
1762286400000,21
1762300800000,23
1762315200000,23
1762329600000,23
1762344000000,23
1762358400000,23
1762372800000,23
1762387200000,27
1762401600000,27
1762416000000,27
1762430400000,27
1762444800000,27
1762459200000,27
1762473600000,24
1762488000000,24
1762502400000,24
1762516800000,24
1762531200000,24
1762545600000,24
1762560000000,20
1762574400000,20
1762588800000,20
1762603200000,20
1762617600000,20
1762632000000,20
1762646400000,22
1762660800000,22
1762675200000,22
1762689600000,22
1762704000000,22
1762718400000,22
1762732800000,29
1762747200000,29
1762761600000,29
1762776000000,29
1762790400000,29
1762804800000,29
1762819200000,26
1762833600000,26
1762848000000,26
1762862400000,26
1762876800000,26
1762891200000,26
1762905600000,24
1762920000000,24
1762934400000,24
1762948800000,24
1762963200000,24
1762977600000,24
1762992000000,15
1763006400000,15
1763020800000,15
1763035200000,15
1763049600000,15
1763064000000,15
1763078400000,16
1763092800000,16
1763107200000,16
1763121600000,16
1763136000000,16
1763150400000,16
1763164800000,10
1763179200000,10
1763193600000,10
1763208000000,10
1763222400000,10
1763236800000,10
1763251200000,10
1763265600000,10
1763280000000,10
1763294400000,10
1763308800000,10
1763323200000,10
1763337600000,14
1763352000000,14
1763366400000,14
1763380800000,14
1763395200000,14
1763409600000,14
1763424000000,11
1763438400000,11
1763452800000,11
1763467200000,11
1763481600000,11
1763496000000,11
1763510400000,15
1763524800000,15
1763539200000,15
1763553600000,15
1763568000000,15
1763582400000,15
1763596800000,11
1763611200000,11
1763625600000,11
1763640000000,11
1763654400000,11
1763668800000,11
1763683200000,14
1763697600000,14
1763712000000,14
1763726400000,14
1763740800000,14
1763755200000,14
1763769600000,11
1763784000000,11
1763798400000,11
1763812800000,11
1763827200000,11
1763841600000,11
1763856000000,13
1763870400000,13
1763884800000,13
1763899200000,13
1763913600000,13
1763928000000,13
1763942400000,19
1763956800000,19
1763971200000,19
1763985600000,19
1764000000000,19
1764014400000,19
1764028800000,20
1764043200000,20
1764057600000,20
1764072000000,20
1764086400000,20
1764100800000,20
1764115200000,15
1764129600000,15
1764144000000,15
1764158400000,15
1764172800000,15
1764187200000,15
1764201600000,22
1764216000000,22
1764230400000,22
1764244800000,22
1764259200000,22
1764273600000,22
1764288000000,25
1764302400000,25
1764316800000,25
1764331200000,25
1764345600000,25
1764360000000,25
1764374400000,28
1764388800000,28
1764403200000,28
1764417600000,28
1764432000000,28
1764446400000,28
1764460800000,28
1764475200000,28
1764489600000,28
1764504000000,28
1764518400000,28
1764532800000,28
1764547200000,24
1764561600000,24
1764576000000,24
1764590400000,24
1764604800000,24
1764619200000,24
1764633600000,23
1764648000000,23
1764662400000,23
1764676800000,23
1764691200000,23
1764705600000,23
1764720000000,28
1764734400000,28
1764748800000,28
1764763200000,28
1764777600000,28
1764792000000,28
1764806400000,26
1764820800000,26
1764835200000,26
1764849600000,26
1764864000000,26
1764878400000,26
1764892800000,28
1764907200000,28
1764921600000,28
1764936000000,28
1764950400000,28
1764964800000,28
1764979200000,23
1764993600000,23
1765008000000,23
1765022400000,23
1765036800000,23
1765051200000,23
1765065600000,20
1765080000000,20
1765094400000,20
1765108800000,20
1765123200000,20
1765137600000,20
1765152000000,20
1765166400000,20
1765180800000,20
1765195200000,20
1765209600000,20
1765224000000,20
1765238400000,22
1765252800000,22
1765267200000,22
1765281600000,22
1765296000000,22
1765310400000,22
1765324800000,26
1765339200000,26
1765353600000,26
1765368000000,26
1765382400000,26
1765396800000,26
1765411200000,29
1765425600000,29
1765440000000,29
1765454400000,29
1765468800000,29
1765483200000,29
1765497600000,29
1765512000000,29
1765526400000,29
1765540800000,29
1765555200000,29
1765569600000,29
1765584000000,23
1765598400000,23
1765612800000,23
1765627200000,23
1765641600000,23
1765656000000,23
1765670400000,21
1765684800000,21
1765699200000,21
1765713600000,21
1765728000000,21
1765742400000,21
1765756800000,16
1765771200000,16
1765785600000,16
1765800000000,16
1765814400000,16
1765828800000,16
1765843200000,11
1765857600000,11
1765872000000,11
1765886400000,11
1765900800000,11
1765915200000,11
1765929600000,16
1765944000000,16
1765958400000,16
1765972800000,16
1765987200000,16
1766001600000,16
1766016000000,17
1766030400000,17
1766044800000,17
1766059200000,17
1766073600000,17
1766088000000,17
1766102400000,16
1766116800000,16
1766131200000,16
1766145600000,16
1766160000000,16
1766174400000,16
1766188800000,20
1766203200000,20
1766217600000,20
1766232000000,20
1766246400000,20
1766260800000,20
1766275200000,20
1766289600000,20
1766304000000,20
1766318400000,20
1766332800000,20
1766347200000,20
1766361600000,25
1766376000000,25
1766390400000,25
1766404800000,25
1766419200000,25
1766433600000,25
1766448000000,24
1766462400000,24
1766476800000,24
1766491200000,24
1766505600000,24
1766520000000,24
1766534400000,24
1766548800000,24
1766563200000,24
1766577600000,24
1766592000000,24
1766606400000,24
1766620800000,23
1766635200000,23
1766649600000,23
1766664000000,23
1766678400000,23
1766692800000,23
1766707200000,20
1766721600000,20
1766736000000,20
1766750400000,20
1766764800000,20
1766779200000,20
1766793600000,23
1766808000000,23
1766822400000,23
1766836800000,23
1766851200000,23
1766865600000,23
1766880000000,24
1766894400000,24
1766908800000,24
1766923200000,24
1766937600000,24
1766952000000,24
1766966400000,24
1766980800000,24
1766995200000,24
1767009600000,24
1767024000000,24
1767038400000,24
1767052800000,23
1767067200000,23
1767081600000,23
1767096000000,23
1767110400000,23
1767124800000,23
1767139200000,21
1767153600000,21
1767168000000,21
1767182400000,21
1767196800000,21
1767211200000,21
1767225600000,20
1767240000000,20
1767254400000,20
1767268800000,20
1767283200000,20
1767297600000,20
1767312000000,28
1767326400000,28
1767340800000,28
1767355200000,28
1767369600000,28
1767384000000,28
1767398400000,29
1767412800000,29
1767427200000,29
1767441600000,29
1767456000000,29
1767470400000,29
1767484800000,25
1767499200000,25
1767513600000,25
1767528000000,25
1767542400000,25
1767556800000,25
1767571200000,26
1767585600000,26
1767600000000,26
1767614400000,26
1767628800000,26
1767643200000,26
1767657600000,44
1767672000000,44
1767686400000,44
1767700800000,44
1767715200000,44
1767729600000,44
1767744000000,42
1767758400000,42
1767772800000,42
1767787200000,42
1767801600000,42
1767816000000,42
1767830400000,28
1767844800000,28
1767859200000,28
1767873600000,28
1767888000000,28
1767902400000,28
1767916800000,27
1767931200000,27
1767945600000,27
1767960000000,27
1767974400000,27
1767988800000,27
1768003200000,25
1768017600000,25
1768032000000,25
1768046400000,25
1768060800000,25
1768075200000,25
1768089600000,29
1768104000000,29
1768118400000,29
1768132800000,29
1768147200000,29
1768161600000,29
1768176000000,27
1768190400000,27
1768204800000,27
1768219200000,27
1768233600000,27
1768248000000,27
1768262400000,26
1768276800000,26
1768291200000,26
1768305600000,26
1768320000000,26
1768334400000,26
1768348800000,48
1768363200000,48
1768377600000,48
1768392000000,48
1768406400000,48
1768420800000,48
1768435200000,61
